Track ID,Track Name,Album Name,Artist Name(s),Release Date,Duration (ms),Popularity,Added By,Added At,Genres,Record Label,Danceability,Energy,Key,Loudness,Mode,Speechiness,Acousticness,Instrumentalness,Liveness,Valence,Tempo,Time Signature,has_lyrics
1KpUbzeaGFdcBD7aeEj0k9,Good Day for Living,Good Day for Living,Joe Nichols,2022-01-14,190066,0,22o5lnwyfofbaefafhryhcdbi,2023-02-05T02:23:07Z,"country,acoustic country",Quartz Hill Records,0.436,0.849,11,-5.279,1,0.0689,0.0122,0.0,0.122,0.696,82.465,4,True
3j1xkzTW8owIphkWV51V9s,Like I Love Country Music,Like I Love Country Music,Kane Brown,2022-05-06,234340,56,22o5lnwyfofbaefafhryhcdbi,2023-02-05T02:23:52Z,"country,pop country",RCA Records Label Nashville,0.542,0.82,8,-6.073,1,0.0432,0.000682,0.000136,0.0561,0.702,124.85,4,True
200x8ONbPfFzByUr3fVz46,She Had Me At Heads Carolina,Stereotype,Cole Swindell,2022-04-08,206106,67,22o5lnwyfofbaefafhryhcdbi,2023-03-19T20:24:49Z,"country,acoustic country",Warner Music Nashville,0.607,0.912,8,-3.449,1,0.0611,0.124,0.0,0.332,0.722,134.944,4,True
0U4iRayct65wsaBMQGiLbg,5 Foot 9,Tyler Hubbard,Tyler Hubbard,2023-01-27,189773,63,22o5lnwyfofbaefafhryhcdbi,2023-02-28T18:32:21Z,country,EMI Nashville,0.605,0.79,5,-5.576,1,0.0454,0.16,0.0,0.126,0.507,105.997,4,True
5ekA7j4MPQa3NZbZQSpRfF,One Mississippi,Different Man,Kane Brown,2022-09-09,214293,49,22o5lnwyfofbaefafhryhcdbi,2023-03-19T20:35:52Z,"country,pop country",RCA Records Label Nashville,0.463,0.84,0,-5.807,1,0.0385,0.00204,2.16e-06,0.197,0.575,99.991,4,True
4wBjKhJx6JnGoNJfJs24pd,Thinking 'Bout You (feat. MacKenzie Porter),Blue In The Sky,"Dustin Lynch,MacKenzie Porter",2022-02-12,170560,0,22o5lnwyfofbaefafhryhcdbi,2023-03-19T22:00:41Z,"country,acoustic country",Broken Bow Records,0.403,0.711,8,-4.189,1,0.0569,0.137,0.0,0.109,0.801,203.803,4,True
6Qpfsw8OS5HW5XxgmXYLWS,Handle On You,Handle On You,Parker McCollum,2022-08-05,219333,54,22o5lnwyfofbaefafhryhcdbi,2023-02-05T02:23:57Z,"texas country,red dirt,country",MCA Nashville,0.588,0.931,6,-3.925,1,0.0318,0.00411,0.0,0.345,0.625,105.027,4,True
5W4kiM2cUYBJXKRudNyxjW,You Proof,One Thing At A Time,Morgan Wallen,2023-03-03,157477,75,22o5lnwyfofbaefafhryhcdbi,2023-03-10T05:26:35Z,country,Big Loud Records / Mercury Records / Republic Records,0.728,0.818,9,-5.068,1,0.0329,0.323,0.0,0.582,0.681,119.706,4,True
2D3JfPyY2LkzXgNOb7qziR,red,the mockingbird & THE CROW,"HARDY,Morgan Wallen",2023-01-20,205767,4,22o5lnwyfofbaefafhryhcdbi,2023-12-30T07:09:13Z,"country,country rock",Big Loud Records / Big Loud Rock,0.582,0.878,11,-4.564,1,0.0404,0.0305,0.0,0.0791,0.581,140.03,4,True
6FniJZn4agmDtPx1pKZQsa,More Than My Hometown,More Than My Hometown,Morgan Wallen,2020-04-17,216573,0,22o5lnwyfofbaefafhryhcdbi,2023-02-05T02:24:02Z,country,Big Loud Records,0.621,0.882,6,-5.01,1,0.0459,0.601,0.0,0.132,0.574,126.014,4,True
3eBnEo9WL34ulBCZlLpUQO,Chicken Fried,The Foundation,Zac Brown Band,2008-11-17,238146,1,22o5lnwyfofbaefafhryhcdbi,2023-02-05T02:24:17Z,"country,acoustic country",Home Grown Music,0.566,0.713,6,-4.25,1,0.0418,0.645,0.0,0.114,0.805,169.861,4,True
1dyxS3YzBbL0t8rEVwVQ1K,God's Country,God's Country,Blake Shelton,2019-03-29,205106,62,22o5lnwyfofbaefafhryhcdbi,2023-02-05T02:24:33Z,country,Warner Records,0.538,0.752,10,-5.106,1,0.0396,0.0608,5.39e-06,0.118,0.217,139.984,4,True
72xDxwWk5h3XfGXcCWJASo,Life Rolls On,6-Pack,Florida Georgia Line,2021-01-15,201066,0,22o5lnwyfofbaefafhryhcdbi,2023-02-05T02:24:52Z,"country,pop country,acoustic country",BMLG Records,0.572,0.691,6,-5.038,1,0.0314,0.163,0.0,0.14,0.36,130.974,4,True
0i5el041vd6nxrGEU8QRxy,Cruise,Here's To The Good Times,Florida Georgia Line,2012-01-01,208960,64,22o5lnwyfofbaefafhryhcdbi,2023-02-05T02:24:55Z,"country,pop country,acoustic country",BMX,0.457,0.948,10,-3.364,1,0.0354,0.0191,0.0,0.0536,0.878,148.001,4,True
2uX5f3x2cObov0iDAPln4o,Song of the South,Livin' Lovin' Rockin' Rollin': The 25th Anniversary Collection,Alabama,1980,190800,64,22o5lnwyfofbaefafhryhcdbi,2023-02-05T02:25:35Z,"country,country rock,christian country",RLG/Legacy,0.486,0.633,9,-8.414,1,0.0365,0.176,0.0,0.312,0.669,162.158,4,True
2uJcLlydqLdGiiABFa4KfN,Mr Red White and Blue,Boots and Jeans,Coffey Anderson,2016-05-20,207986,0,22o5lnwyfofbaefafhryhcdbi,2023-02-05T15:22:10Z,country,Coffey Global LLC,0.501,0.743,0,-5.789,1,0.037,0.14,6.56e-06,0.251,0.325,156.036,4,True
3xdjjKMcMOFgo1eQrfbogM,Wagon Wheel,True Believers,Darius Rucker,2013-01-01,298373,73,22o5lnwyfofbaefafhryhcdbi,2023-02-21T03:29:03Z,country,Capitol Records Nashville,0.535,0.66,9,-7.174,1,0.0297,0.455,0.0,0.135,0.577,148.044,4,True
1irAliF0T8sLIOPJp6n7rU,Single Saturday Night,Single Saturday Night,Cole Swindell,2020-05-22,187683,49,22o5lnwyfofbaefafhryhcdbi,2023-02-21T03:29:18Z,"country,acoustic country",Warner Music Nashville,0.623,0.79,7,-5.07,1,0.0473,0.118,0.0,0.226,0.694,81.949,4,True
7mDZ2NdYOeKFcz2zGnKBwU,Gone Too Soon,Gone Too Soon,Andrew Jannakos,2020-09-15,169254,0,22o5lnwyfofbaefafhryhcdbi,2023-02-21T03:30:04Z,country,Andrew Jannakos,0.529,0.723,4,-6.022,0,0.035,0.0175,0.0,0.364,0.459,119.942,4,True
6Awl7JBDQjfm7xkS3LkhDi,We Got History,This Is the Heavy,Mitchell Tenpenny,2022-09-16,203680,58,22o5lnwyfofbaefafhryhcdbi,2023-02-24T19:02:56Z,country,Riser House Entertainment/Columbia Nashville,0.628,0.833,0,-6.327,1,0.0311,0.0014,0.0,0.104,0.309,98.025,4,True
2KtGiBi5CrX2ERPD2PAS34,Dancin’ In The Country,Tyler Hubbard,Tyler Hubbard,2023-01-27,179640,66,22o5lnwyfofbaefafhryhcdbi,2023-02-26T19:06:33Z,country,EMI Nashville,0.657,0.871,7,-4.614,1,0.0675,0.0031,0.0,0.102,0.532,114.974,4,True
31o5omf8dh0tNaSCdM6cu3,Party Mode,Blue In The Sky,Dustin Lynch,2022-02-12,211986,0,22o5lnwyfofbaefafhryhcdbi,2023-02-25T06:14:43Z,"country,acoustic country",Broken Bow Records,0.619,0.916,10,-2.752,0,0.0468,0.0483,4.88e-06,0.246,0.785,114.019,4,True
48UKTR66uUOT9LaUvooTNx,The Kind of Love We Make,Growin' Up,Luke Combs,2022-06-24,224426,71,22o5lnwyfofbaefafhryhcdbi,2023-03-02T18:54:55Z,country,River House Artists/Columbia Nashville,0.608,0.745,1,-4.13,1,0.0277,0.0226,6.47e-06,0.0942,0.464,102.025,4,True
6NebrV4ZigAoXIRbe11hxh,Thinking 'Bout You (feat. Lauren Alaina),Tullahoma,"Dustin Lynch,Lauren Alaina",2020-01-17,170560,55,22o5lnwyfofbaefafhryhcdbi,2023-02-25T06:17:11Z,"country,acoustic country",Broken Bow Records,0.394,0.747,8,-4.446,1,0.0627,0.13,0.0,0.0747,0.776,203.918,4,True
5OELUCYgOHKFAvCERnAvfS,More Than My Hometown,Dangerous: The Double Album,Morgan Wallen,2021-01-08,216573,73,22o5lnwyfofbaefafhryhcdbi,2023-02-25T06:21:52Z,country,Big Loud / Republic,0.62,0.869,6,-5.479,1,0.0462,0.615,0.0,0.131,0.597,126.019,4,True
46ZfPS5VpSQVU5gb82hg3K,Anything Goes,Anything Goes,Florida Georgia Line,2014-10-14,218866,56,22o5lnwyfofbaefafhryhcdbi,2023-02-27T02:48:25Z,"country,pop country,acoustic country",Big Machine Label Group,0.458,0.976,0,-3.791,1,0.0459,0.00182,0.0,0.193,0.76,154.007,4,True
3PY88239tYBnAv5LQoU2oY,Long Hot Summer,Get Closer (Deluxe Version),Keith Urban,2010-01-01,273586,56,22o5lnwyfofbaefafhryhcdbi,2023-02-27T02:48:31Z,country,Capitol Nashville,0.657,0.785,3,-8.428,1,0.037,0.0301,4.62e-06,0.0927,0.769,127.987,4,True
6NHpyYvJyQsg2nXXzGYc2R,Thought You Should Know,Thought You Should Know,Morgan Wallen,2022-05-06,215571,57,22o5lnwyfofbaefafhryhcdbi,2023-02-28T00:53:00Z,country,Big Loud Records / Republic Records,0.529,0.695,6,-6.174,1,0.0278,0.488,1.24e-05,0.142,0.514,139.993,4,True
42lqBjPYlmL1EXpMDXvhSN,Somebody’s Problem,Dangerous: The Double Album,Morgan Wallen,2021-01-08,161773,68,22o5lnwyfofbaefafhryhcdbi,2023-02-28T02:46:18Z,country,Big Loud / Republic,0.658,0.538,5,-7.676,1,0.0289,0.657,0.0,0.123,0.62,136.967,4,True
15N1KAIKQwtlBvFXyjC0tC,I Don't Wanna,Down Home Boy: Gone Since Last October (Deluxe),Kidd G,2021-12-24,190942,46,22o5lnwyfofbaefafhryhcdbi,2023-02-28T16:36:50Z,"country hip hop,country",Rebel/Geffen Records,0.71,0.823,7,-5.734,1,0.0684,0.0995,0.0,0.287,0.604,121.974,4,True
6Tm4Io4ct4w14nB1EUzsY3,Whiskey On You,Whiskey On You,Nate Smith,2022-05-06,183789,60,22o5lnwyfofbaefafhryhcdbi,2023-02-28T18:57:49Z,country,Arista Nashville,0.479,0.768,8,-5.204,1,0.0312,7.02e-05,0.00549,0.121,0.576,110.024,4,True
21LRaD9rB3v7p7DDCZsW4y,The Way I Talk,If I Know Me,Morgan Wallen,2018-04-27,208280,7,22o5lnwyfofbaefafhryhcdbi,2023-03-10T05:24:28Z,country,Big Loud Records,0.604,0.879,4,-3.388,1,0.0322,0.0468,0.0,0.0909,0.757,137.983,4,True
03fT3OHB9KyMtGMt2zwqCT,Play It Again,Crash My Party,Luke Bryan,2013-01-01,226866,71,22o5lnwyfofbaefafhryhcdbi,2023-03-24T03:50:09Z,"country,acoustic country",Capitol Records Nashville,0.506,0.886,11,-3.224,1,0.0655,0.0955,0.0,0.0734,0.595,143.938,4,True
25VQoiuyc0HkC5FQTj1a8G,Son Of A Sinner,Ballads Of The Broken,Jelly Roll,2021-09-17,232093,2,22o5lnwyfofbaefafhryhcdbi,2023-03-25T22:45:36Z,"country hip hop,country",Stoney Creek Records,0.365,0.541,7,-7.489,1,0.0304,0.0419,2.25e-06,0.281,0.329,86.041,4,True
7nINhyXn6uwUkYLY5KQH0K,Pretty Heart,Gold Chain Cowboy,Parker McCollum,2021-07-30,245306,63,22o5lnwyfofbaefafhryhcdbi,2023-03-30T15:05:22Z,"texas country,red dirt,country",MCA Nashville,0.568,0.707,7,-4.445,1,0.03,0.00569,0.0,0.103,0.369,131.944,4,True
24LyKCgvEia1eAPUbuISlk,Dirt Road,Dirt Road,Kidd G,2020-10-02,150889,46,22o5lnwyfofbaefafhryhcdbi,2023-03-30T15:05:49Z,"country hip hop,country",Rebel/Geffen Records,0.796,0.516,8,-7.891,1,0.0744,0.519,0.0,0.126,0.181,140.012,4,True
5Y05LYM8LhnQN78GqfjSeK,ONE BEER,A ROCK,"HARDY,Lauren Alaina,Devin Dawson",2020-09-04,173173,5,22o5lnwyfofbaefafhryhcdbi,2023-03-30T15:06:38Z,"country,country rock",Big Loud Records,0.516,0.745,2,-8.352,1,0.0774,0.564,0.0,0.275,0.826,186.006,3,True
32mVHdy0bi1XKgr0ajsBlG,Picture To Burn,Taylor Swift,Taylor Swift,2006-10-24,173066,60,22o5lnwyfofbaefafhryhcdbi,2023-03-30T15:06:49Z,,"Big Machine Records, LLC",0.658,0.877,7,-2.098,1,0.0323,0.173,0.0,0.0962,0.821,105.586,4,True
7aEtlGHoiPAfRB084NiDmx,Beer Never Broke My Heart,What You See Is What You Get,Luke Combs,2019-11-08,186733,71,22o5lnwyfofbaefafhryhcdbi,2023-03-31T04:02:25Z,country,River House Artists/Columbia Nashville,0.538,0.863,1,-4.483,1,0.0481,0.0139,0.0,0.0874,0.637,77.001,4,True
1mMLMZYXkMueg65jRRWG1l,When It Rains It Pours,This One's for You,Luke Combs,2017-06-02,240760,79,22o5lnwyfofbaefafhryhcdbi,2023-04-07T13:55:28Z,country,River House Artists/Columbia Nashville,0.551,0.801,6,-5.069,1,0.0303,0.013,6.03e-06,0.265,0.625,128.027,4,True
00KyYtT6NaXwbPecina5Pj,Famous Friends,Famous Friends,"Chris Young,Kane Brown",2021-08-06,166506,57,22o5lnwyfofbaefafhryhcdbi,2023-04-09T14:34:25Z,"country,acoustic country,pop country",RCA Records Label Nashville,0.535,0.859,6,-2.922,1,0.0344,0.0528,0.0,0.32,0.698,102.008,4,True
29nNU80zu0vscbrvTi55mG,I'm in a Hurry (And Don't Know Why),Livin' Lovin' Rockin' Rollin': The 25th Anniversary Collection,Alabama,1980,168813,65,22o5lnwyfofbaefafhryhcdbi,2023-04-09T16:11:54Z,"country,country rock,christian country",RLG/Legacy,0.748,0.72,9,-7.774,1,0.0286,0.237,0.0,0.069,0.86,128.69,4,True
51FVpJr3WL7vvdfCa7j2jr,Momma’s House,Tullahoma,Dustin Lynch,2020-01-17,220160,46,22o5lnwyfofbaefafhryhcdbi,2023-04-09T15:50:18Z,"country,acoustic country",Broken Bow Records,0.633,0.858,11,-3.509,0,0.0356,0.278,0.0,0.315,0.541,119.998,4,True
5jUOG0aeAofL5u3UWyrtDO,Need A Favor,Need A Favor,Jelly Roll,2022-12-09,197400,0,22o5lnwyfofbaefafhryhcdbi,2023-04-09T16:25:18Z,"country hip hop,country",Broken Bow Records,0.504,0.771,6,-4.231,1,0.0319,0.0123,1.89e-05,0.078,0.555,157.985,4,True
2pUQX4d3Cjh3umGkVz0XyI,To Be Loved By You,Gold Chain Cowboy,Parker McCollum,2021-07-30,199680,55,22o5lnwyfofbaefafhryhcdbi,2023-04-09T16:37:24Z,"texas country,red dirt,country",MCA Nashville,0.475,0.805,10,-4.456,1,0.0377,0.000453,0.0,0.143,0.488,145.976,4,True
7aHzBx4XwGc0e1d7sKd5Md,When I Pull Up,When I Pull Up,Justin Champagne,2020-10-23,146666,55,22o5lnwyfofbaefafhryhcdbi,2023-04-09T22:58:19Z,country hip hop,Country Boy Livin Music,0.584,0.696,6,-5.942,1,0.0803,0.0265,0.0365,0.161,0.565,179.91,4,True
0JbSghVDghtFEurrSO8JrC,Country Girl (Shake It For Me),Tailgates & Tanlines,Luke Bryan,2011-01-01,225560,71,22o5lnwyfofbaefafhryhcdbi,2023-04-09T23:07:23Z,"country,acoustic country",Capitol Nashville,0.644,0.904,2,-4.532,1,0.0464,0.0295,0.0,0.0834,0.672,105.969,4,True
3ts6xK5GzfMAAriT9AIBmP,Barefoot Blue Jean Night,Barefoot Blue Jean Night,Jake Owen,2011-08-26,167426,69,22o5lnwyfofbaefafhryhcdbi,2023-04-11T14:33:55Z,"country,acoustic country",RCA Records Label Nashville,0.599,0.807,4,-4.679,1,0.0402,0.202,0.0,0.196,0.812,172.017,4,True
4lDHpM8kYUjVScfD8nfQ7A,If You're Gonna Play in Texas (You Gotta Have a Fiddle in the Band),Alabama Live,Alabama,1980,212666,52,22o5lnwyfofbaefafhryhcdbi,2023-04-11T17:37:46Z,"country,country rock,christian country",RCA/Legacy,0.449,0.645,9,-15.2,1,0.0385,0.263,2.9e-06,0.901,0.777,109.581,4,True
1zYZs8Vbjhbzx5M3olcRnm,Memory I Don't Mess With,Hey World,Lee Brice,2020-11-20,180616,66,22o5lnwyfofbaefafhryhcdbi,2023-04-11T18:21:24Z,"country,acoustic country",Curb Records,0.617,0.704,6,-7.61,0,0.0258,0.171,0.0,0.0924,0.57,91.541,4,True
0w3Q14i073jLoew1hgJkwD,Heartache On The Dance Floor,California Sunrise,Jon Pardi,2016-05-13,205200,70,22o5lnwyfofbaefafhryhcdbi,2023-04-20T16:20:10Z,"country,acoustic country",Capitol Records Nashville,0.596,0.833,9,-4.308,1,0.0474,0.0563,0.0,0.0866,0.618,115.997,4,True
5JLf54f83nJrxD4IhFaLl7,Brown Eyes Baby,Brown Eyes Baby,Keith Urban,2022-07-08,224333,52,22o5lnwyfofbaefafhryhcdbi,2023-05-04T22:15:00Z,country,Capitol Records Nashville,0.565,0.823,8,-4.973,1,0.0328,0.232,3.89e-06,0.0715,0.522,141.972,4,True
4S518ci8UY4op0Xyp6Hx6o,Toes,The Foundation,Zac Brown Band,2008-11-17,262773,65,22o5lnwyfofbaefafhryhcdbi,2023-04-29T01:15:06Z,"country,acoustic country",Home Grown Music,0.801,0.759,11,-5.398,1,0.0378,0.657,0.0,0.0897,0.821,129.971,4,True
2KqJC0koTBUyDlsMt5ok1V,Look What God Gave Her,Center Point Road,Thomas Rhett,2019-05-31,168960,61,22o5lnwyfofbaefafhryhcdbi,2023-05-10T17:59:34Z,"country,acoustic country,pop country",The Valory Music Co.,0.739,0.849,2,-3.967,1,0.0308,0.0272,0.0,0.181,0.882,112.999,4,True
03fs6oV5JAlbytRYf3371S,Everything I Love,One Thing At A Time,Morgan Wallen,2023-03-03,187047,64,22o5lnwyfofbaefafhryhcdbi,2023-05-12T15:24:33Z,country,Big Loud Records / Mercury Records / Republic Records,0.567,0.841,8,-3.933,1,0.0263,0.00543,0.000922,0.137,0.712,103.982,4,True
7f08qp3HROTkfrtNpiYGGo,Dirt On My Boots,California Sunrise,Jon Pardi,2016-05-13,201893,70,22o5lnwyfofbaefafhryhcdbi,2023-05-12T17:22:41Z,"country,acoustic country",Capitol Records Nashville,0.683,0.796,11,-4.179,1,0.0284,0.112,0.0,0.197,0.533,90.031,4,True
1Lo0QY9cvc8sUB2vnIOxDT,Fast Car,Gettin' Old,Luke Combs,2023-03-24,265493,79,22o5lnwyfofbaefafhryhcdbi,2023-05-14T01:32:28Z,country,River House Artists/Columbia Nashville,0.712,0.603,8,-5.52,1,0.0262,0.186,0.0,0.115,0.67,97.994,4,True
6vjZxvzdAeHp7jv3R398Xm,What My World Spins Around,Bluebird Days,Jordan Davis,2023-02-17,186800,68,22o5lnwyfofbaefafhryhcdbi,2023-05-13T16:04:06Z,country,MCA Nashville,0.686,0.733,2,-6.483,1,0.0401,0.111,0.0,0.153,0.7,124.882,4,True
1dgWTMoHwTUnQhOQ8SR5fV,American Kids,The Big Revival,Kenny Chesney,2014-09-22,182960,67,22o5lnwyfofbaefafhryhcdbi,2023-05-13T16:04:12Z,country,"Blue Chair Records, LLC / Columbia Nashville",0.782,0.589,0,-7.37,1,0.0803,0.0476,5.84e-06,0.0366,0.849,85.022,4,True
67wUHsoXdZ8UOLt6rodpQ9,Cold Beer Calling My Name,Bet You're from a Small Town,"Jameson Rodgers,Luke Combs",2021-09-17,210560,57,22o5lnwyfofbaefafhryhcdbi,2023-05-13T16:04:34Z,country,River House Artists/Columbia Nashville,0.585,0.863,7,-4.061,1,0.0401,0.0446,0.0,0.0937,0.788,147.931,4,True
5NHrU0PLDVHYvLq5UcWJ72,Hurricane,Never Enough,Parker McCollum,2023-05-12,228047,40,22o5lnwyfofbaefafhryhcdbi,2023-05-14T18:14:51Z,"texas country,red dirt,country",MCA Nashville,0.438,0.953,9,-4.089,1,0.0581,2.02e-05,0.148,0.291,0.37,122.001,4,True
2M9ro2krNb7nr7HSprkEgo,Fast Car,Tracy Chapman,Tracy Chapman,1988-04-05,296800,75,22o5lnwyfofbaefafhryhcdbi,2023-05-15T02:55:24Z,,Elektra Records,0.711,0.292,4,-15.523,0,0.037,0.313,0.0,0.131,0.194,103.951,4,True
0ZHGYKgO3uim2g9JCIWU4U,People Talk,People Talk,Kidd G,2022-04-15,191079,51,22o5lnwyfofbaefafhryhcdbi,2023-05-15T03:06:54Z,"country hip hop,country",Rebel/Geffen Records,0.608,0.801,4,-6.912,0,0.044,0.00776,0.0,0.37,0.262,87.974,4,True
698eQRku24PIYPQPHItKlA,She Got the Best of Me,This One's for You Too (Deluxe Edition),Luke Combs,2018-06-01,183160,74,22o5lnwyfofbaefafhryhcdbi,2023-05-15T03:17:39Z,country,River House Artists/Columbia Nashville,0.533,0.907,11,-3.793,1,0.0406,0.0292,0.0,0.386,0.7,150.99,4,True
3fqwjXwUGN6vbzIwvyFMhx,Tennessee Whiskey,Traveller,Chris Stapleton,2015-05-04,293293,79,22o5lnwyfofbaefafhryhcdbi,2023-05-16T14:12:42Z,country,Mercury Nashville,0.392,0.37,9,-10.888,1,0.0298,0.205,0.0096,0.0821,0.512,48.718,4,True
6IBcOGPsniK3Pso1wHIhew,Forever After All,What You See Ain't Always What You Get (Deluxe Edition),Luke Combs,2020-10-23,232533,71,22o5lnwyfofbaefafhryhcdbi,2023-05-20T03:53:17Z,country,River House Artists/Columbia Nashville,0.487,0.65,0,-5.195,1,0.0253,0.191,0.0,0.0933,0.456,151.964,4,True
03d8S7FBY2kIzhP0E7l4rn,If I Know Me,If I Know Me,Morgan Wallen,2018-04-27,157693,16,22o5lnwyfofbaefafhryhcdbi,2023-05-20T04:00:58Z,country,Big Loud Records,0.777,0.604,8,-5.813,1,0.12,0.765,6.79e-05,0.11,0.672,99.934,4,True
7trjNYF5ek7zX4GKSHQZbP,wait in the truck,wait in the truck,"HARDY,Lainey Wilson",2022-08-26,277659,5,22o5lnwyfofbaefafhryhcdbi,2023-05-25T14:22:29Z,"country,country rock",Big Loud Records,0.534,0.466,6,-6.98,1,0.0272,0.277,0.0,0.0979,0.23,140.0,4,True
5QS8PNEWbqTEZyQ6e9ZbJf,Things a Man Oughta Know,Sayin' What I'm Thinkin',Lainey Wilson,2021-02-19,203373,1,22o5lnwyfofbaefafhryhcdbi,2023-05-25T14:23:11Z,country,Broken Bow Records,0.659,0.683,3,-5.623,1,0.0312,0.513,4.93e-06,0.133,0.397,139.931,4,True
5UNMyX2AzF8X90wAYAxG6Q,Heart Like A Truck,Bell Bottom Country,Lainey Wilson,2022-11-28,199040,0,22o5lnwyfofbaefafhryhcdbi,2023-05-25T14:23:14Z,country,Broken Bow Records,0.587,0.632,9,-5.416,1,0.0311,0.148,1.01e-05,0.158,0.392,139.974,4,True
0VU5k3vCrpqDgUygMjiFYj,Copperhead Road,Copperhead Road,Steve Earle,1988-01-01,269920,62,22o5lnwyfofbaefafhryhcdbi,2023-06-15T14:03:08Z,"alt country,americana,country rock",UNI,0.372,0.588,7,-15.493,1,0.0411,0.0213,0.000101,0.0525,0.705,162.874,4,True
6IC6VhpV7D8T1t037Atqpu,Tequila Makes Her Clothes Fall Off,III,Joe Nichols,2005-01-01,187053,63,22o5lnwyfofbaefafhryhcdbi,2023-06-15T13:18:43Z,"country,acoustic country",Show Dog Universal Music,0.664,0.706,2,-7.045,1,0.027,0.129,1.06e-06,0.0857,0.681,93.968,4,True
66pxmg3Jhjm09tHoWR1wVR,All the Pretty Girls,Cosmic Hallelujah,Kenny Chesney,2017-04-28,212893,57,22o5lnwyfofbaefafhryhcdbi,2023-06-15T14:20:43Z,country,"Blue Chair Records, LLC / Columbia Nashville",0.612,0.848,6,-3.736,1,0.0368,0.00916,0.0,0.366,0.719,120.996,4,True
1eq8qRUBXaJ66qrbuFaowP,Dancing With The Devil,Whitsitt Chapel,Jelly Roll,2023-06-02,217360,0,22o5lnwyfofbaefafhryhcdbi,2023-06-16T17:37:48Z,"country hip hop,country",Stoney Creek Records,0.39,0.791,9,-4.777,1,0.0568,0.223,0.0,0.0683,0.487,179.68,3,True
1JyLNGj4djIWfB7y4VdQho,Hungover In A Church Pew,Whitsitt Chapel,Jelly Roll,2023-06-02,210706,0,22o5lnwyfofbaefafhryhcdbi,2023-06-16T17:37:52Z,"country hip hop,country",Stoney Creek Records,0.407,0.776,8,-6.195,1,0.0427,0.06,6.85e-05,0.322,0.633,82.583,4,True
3EON33SUQai62FI5Sv0gPT,Halfway To Hell,Whitsitt Chapel,Jelly Roll,2023-06-02,178440,0,22o5lnwyfofbaefafhryhcdbi,2023-06-16T17:38:02Z,"country hip hop,country",Stoney Creek Records,0.503,0.864,2,-5.376,0,0.0637,0.00227,0.0,0.948,0.443,107.18,4,True
6hwoshi6F3hl323YeLGNuM,The Lost,Whitsitt Chapel,Jelly Roll,2023-06-02,199546,0,22o5lnwyfofbaefafhryhcdbi,2023-06-16T17:38:06Z,"country hip hop,country",Stoney Creek Records,0.584,0.853,1,-4.685,1,0.0378,0.00417,0.0,0.102,0.622,117.988,4,True
1nPtZ8OtmKeyYZhbMAYbQP,Rock and A Hard Place,Leave The Light On,Bailey Zimmerman,2022-10-14,207540,46,22o5lnwyfofbaefafhryhcdbi,2023-08-22T21:52:56Z,country,Warner Music Nashville/Elektra,0.582,0.568,1,-7.3,1,0.0275,0.577,0.0,0.105,0.394,121.991,3,True
4DCyfwekbYsNEzsYOG77el,Some Girls,Bet You're from a Small Town,Jameson Rodgers,2021-09-17,184040,49,22o5lnwyfofbaefafhryhcdbi,2023-09-09T16:39:16Z,country,River House Artists/Columbia Nashville,0.424,0.845,8,-5.15,1,0.0484,0.0864,0.0,0.156,0.336,167.988,4,True
59uQI0PADDKeE6UZDTJEe8,Last Night,3 Songs At A Time Sampler,Morgan Wallen,2023-01-31,163854,73,22o5lnwyfofbaefafhryhcdbi,2023-10-09T23:00:36Z,country,Big Loud Records / Mercury Records / Republic Records,0.492,0.673,6,-5.431,1,0.0347,0.413,0.0,0.137,0.488,203.812,4,True
2rxQMGVafnNaRaXlRMWPde,Beautiful Crazy,This One's for You Too (Deluxe Edition),Luke Combs,2018-06-01,193200,78,22o5lnwyfofbaefafhryhcdbi,2023-11-22T02:23:08Z,country,River House Artists/Columbia Nashville,0.551,0.402,11,-7.431,1,0.0262,0.676,0.0,0.0928,0.382,103.313,4,True
2eGvz6O6tVnh9nKiitDEhZ,I Can Feel It,I Can Feel It,Kane Brown,2023-09-21,163600,59,22o5lnwyfofbaefafhryhcdbi,2023-11-22T18:53:39Z,"country,pop country",RCA Records Label Nashville,0.529,0.866,3,-5.816,0,0.0452,0.00281,0.00526,0.0287,0.55,116.004,4,True
7Fh8xCGwV1QHuhBPKu1i4m,I'm Not Pretty,I'm Not Pretty,Megan Moroney,2023-02-10,181066,44,22o5lnwyfofbaefafhryhcdbi,2023-11-22T18:56:34Z,country,Columbia Nashville/Columbia Records,0.573,0.795,10,-5.561,1,0.0558,0.129,1.78e-05,0.186,0.705,128.101,4,True
5ya0TmUQw2wHMkq36rPsnd,World on Fire,NATE SMITH (DELUXE),Nate Smith,2023-04-28,189986,72,22o5lnwyfofbaefafhryhcdbi,2023-11-22T18:57:02Z,country,RCA Records Label Nashville,0.461,0.887,11,-4.871,0,0.0429,0.000219,0.0,0.104,0.411,95.964,4,True
0bILU0UiNDmA5Ff6whhb2R,Religiously,Religiously. The Album.,Bailey Zimmerman,2023-01-11,178723,73,22o5lnwyfofbaefafhryhcdbi,2023-11-22T19:00:30Z,country,Warner Music Nashville/Elektra,0.57,0.67,1,-6.519,1,0.0274,0.426,0.0,0.108,0.593,140.924,4,True
7MSWxMumjz6lHj7oRApNbg,White Horse,White Horse,Chris Stapleton,2023-07-21,267893,65,22o5lnwyfofbaefafhryhcdbi,2023-11-22T19:00:55Z,country,Mercury Nashville,0.353,0.77,1,-11.066,0,0.0493,0.0016,0.598,0.109,0.224,145.225,4,True
0Xg68XXMRWzKQvD5S6BFvI,Dust On The Bottle,Out With A Bang,David Lee Murphy,1994-01-01,224666,65,22o5lnwyfofbaefafhryhcdbi,2023-11-25T20:09:48Z,country,Geffen*,0.736,0.614,11,-11.124,1,0.0389,0.0237,5.84e-06,0.292,0.858,99.942,4,True
5eVuVYp9OyD9dm6Wcyb5nr,Country Boy's Dream Girl,Excuse The Mess,Ella Langley,2023-05-19,185026,64,22o5lnwyfofbaefafhryhcdbi,2023-11-25T19:56:52Z,country,SAWGOD/Columbia,0.591,0.787,8,-4.56,1,0.0407,0.249,0.0,0.11,0.436,139.997,3,True
4TJUS843fKiqqIzycM74Oy,Should've Been A Cowboy,Toby Keith,Toby Keith,1993-04-20,211306,68,22o5lnwyfofbaefafhryhcdbi,2023-11-25T20:30:13Z,country,Mercury Nashville,0.618,0.672,7,-7.92,1,0.0353,0.441,1.49e-06,0.214,0.705,133.439,4,True
5PBx0zFfehUMyv5H4YXVAU,Blue Tacoma,Yours,Russell Dickerson,2017-06-16,212066,56,22o5lnwyfofbaefafhryhcdbi,2023-12-03T21:59:41Z,country,Sony Music Entertainment,0.458,0.897,9,-4.879,1,0.0402,0.0183,0.0,0.174,0.728,160.131,4,True
6Vmb8Ru0BvjWGozOVGApRd,The Ones That Didn’t Make It Back Home,Late Nights And Longnecks,Justin Moore,2019-07-26,191018,54,22o5lnwyfofbaefafhryhcdbi,2023-12-09T18:16:31Z,"country,acoustic country",The Valory Music Co.,0.533,0.784,3,-4.869,1,0.0349,0.0967,0.0,0.224,0.466,137.999,4,True
24Z0qiHUR9cTB4UfGUqCnj,Growin' Up and Gettin' Old,Gettin' Old,Luke Combs,2023-03-24,233666,60,22o5lnwyfofbaefafhryhcdbi,2023-12-21T00:55:56Z,country,River House Artists/Columbia Nashville,0.511,0.6,2,-5.699,1,0.0268,0.16,5.25e-06,0.114,0.269,146.051,4,True
5WxQEQJtrOYzobMBTsdPBb,See Me Now,Gettin' Old,Luke Combs,2023-03-24,245706,55,22o5lnwyfofbaefafhryhcdbi,2023-12-21T01:11:01Z,country,River House Artists/Columbia Nashville,0.625,0.835,6,-4.964,1,0.0295,0.00982,2.86e-05,0.173,0.594,141.972,4,True
0V75hy6x3cToema5BdJaj9,Tattoo on a Sunburn,Gettin' Old,Luke Combs,2023-03-24,225693,50,22o5lnwyfofbaefafhryhcdbi,2023-12-21T01:18:45Z,country,River House Artists/Columbia Nashville,0.601,0.673,7,-5.418,1,0.027,0.0754,0.0,0.248,0.411,143.958,4,True
2kYevr8cbIAH2ha8210Bnz,Love You Anyway,Gettin' Old,Luke Combs,2023-03-24,229626,66,22o5lnwyfofbaefafhryhcdbi,2023-12-22T06:58:48Z,country,River House Artists/Columbia Nashville,0.532,0.489,4,-7.419,1,0.0311,0.149,0.0,0.237,0.32,139.807,4,True
52ChYmfu792MW2Ezv0whpk,5 Leaf Clover,Gettin' Old,Luke Combs,2023-03-24,211053,61,22o5lnwyfofbaefafhryhcdbi,2023-12-22T07:29:32Z,country,River House Artists/Columbia Nashville,0.423,0.58,1,-4.959,1,0.0243,0.0554,2.92e-06,0.168,0.336,82.755,3,True
0eBFgRxyVSeuT4iyrbukdn,Where the Wild Things Are,Gettin' Old,Luke Combs,2023-03-24,239533,78,22o5lnwyfofbaefafhryhcdbi,2023-12-22T11:56:25Z,country,River House Artists/Columbia Nashville,0.708,0.731,3,-4.872,1,0.0345,0.0189,4.47e-06,0.129,0.379,116.975,4,True
5gy5oMthJa807ihJik4U3O,Hannah Ford Road,Gettin' Old,Luke Combs,2023-03-24,218173,54,22o5lnwyfofbaefafhryhcdbi,2023-12-22T12:26:16Z,country,River House Artists/Columbia Nashville,0.52,0.962,1,-5.506,0,0.0827,0.000369,0.0,0.33,0.488,131.068,4,True
0PAcdVzhPO4gq1Iym9ESnK,Thinkin’ Bout Me,One Thing At A Time,Morgan Wallen,2023-03-03,177387,77,22o5lnwyfofbaefafhryhcdbi,2023-12-30T05:52:48Z,country,Big Loud Records / Mercury Records / Republic Records,0.659,0.789,3,-5.723,0,0.0293,0.487,0.0,0.115,0.468,139.982,4,True
7phmBo7bB9I9YifAXqnlqV,I Wrote The Book,One Thing At A Time,Morgan Wallen,2023-03-03,181766,61,22o5lnwyfofbaefafhryhcdbi,2023-12-30T07:14:14Z,country,Big Loud Records / Mercury Records / Republic Records,0.686,0.833,2,-3.768,1,0.0381,0.0619,3.76e-05,0.0657,0.833,143.965,4,True
3GZSVedXaTqScGsewGuAyi,Fox in the Henhouse,Gettin' Old,Luke Combs,2023-03-24,235000,46,22o5lnwyfofbaefafhryhcdbi,2024-01-07T19:45:06Z,country,River House Artists/Columbia Nashville,0.493,0.759,0,-5.203,1,0.0346,0.0138,1.32e-05,0.793,0.456,110.064,3,True
0wXThIDxO3YRJCpPgnmbkw,Where It Ends,Religiously. The Album.,Bailey Zimmerman,2023-01-11,179294,72,22o5lnwyfofbaefafhryhcdbi,2024-01-07T19:45:12Z,country,Warner Music Nashville/Elektra,0.431,0.837,9,-5.067,1,0.0432,0.259,0.0,0.0879,0.648,170.041,4,True
6uyiyatWPCqC59Mm4rO8xL,One Of Them Girls,Hey World,Lee Brice,2020-11-20,188893,66,22o5lnwyfofbaefafhryhcdbi,2024-01-07T22:00:26Z,"country,acoustic country",Curb Records,0.643,0.79,4,-6.079,1,0.0461,0.29,0.0,0.107,0.808,95.981,4,True
2Dct3GykKZ58hpWRFfe2Qd,Heading South,Heading South,Zach Bryan,2019-09-30,171692,78,22o5lnwyfofbaefafhryhcdbi,2024-01-07T22:04:01Z,"country,red dirt",Warner Records,0.68,0.246,4,-14.112,1,0.058,0.783,0.0,0.106,0.388,110.23,4,True
2YVlDlk2zRceefo6XlC6DX,Ain’t That Some,One Thing At A Time,Morgan Wallen,2023-03-03,158003,71,22o5lnwyfofbaefafhryhcdbi,2024-03-22T13:38:23Z,country,Big Loud Records / Mercury Records / Republic Records,0.64,0.811,6,-5.834,0,0.0279,0.00154,9.34e-06,0.363,0.686,121.089,4,True
5inIeRExNFzOuqaYU7tpT9,Back 40 Back,Gettin' Old,Luke Combs,2023-03-24,185466,49,22o5lnwyfofbaefafhryhcdbi,2024-03-24T02:04:31Z,country,River House Artists/Columbia Nashville,0.56,0.589,11,-6.849,1,0.0308,0.566,0.0,0.124,0.394,82.026,4,True
28dwWN6sZQGBSZuMdCbbQY,BREAK IT IN A BAR,BREAK IT IN A BAR,Graham Barham,2022-12-09,219303,1,22o5lnwyfofbaefafhryhcdbi,2024-03-24T04:02:40Z,country,"615 Music, LLC",0.585,0.854,11,-5.693,0,0.0593,0.0529,0.0,0.137,0.328,119.99,4,True
55a01VsdKH2OeSXLGy9wd5,Jack and Diet Coke,Jack and Diet Coke,Redferrin,2023-06-23,193399,64,22o5lnwyfofbaefafhryhcdbi,2024-03-27T01:35:37Z,country,Warner Music Nashville,0.674,0.561,4,-6.457,0,0.0274,0.487,0.0,0.116,0.383,138.02,4,True
4aGG4VOWGv9RwlYQNsBrkE,Caught Up In The Country,Caught Up In The Country,"Rodney Atkins,The Fisk Jubilee Singers",2019-05-10,160991,65,22o5lnwyfofbaefafhryhcdbi,2024-04-01T18:01:46Z,"country,acoustic country",Curb Records,0.603,0.807,7,-6.999,1,0.045,0.0123,0.0,0.539,0.685,124.099,4,True
15jhnquhNS1IZMlM493UBW,Fishin' in the Dark,Hold On,Nitty Gritty Dirt Band,1987-07-07,201600,68,22o5lnwyfofbaefafhryhcdbi,2024-04-01T19:55:48Z,"bluegrass,country rock,country",Nitty Gritty Dirt Band,0.745,0.347,2,-13.145,1,0.0418,0.246,0.0,0.0861,0.899,155.539,4,True
5S5rw0WLVCAux5B5bWCehK,I Like The Sound Of That,Rewind,Rascal Flatts,2014-01-01,209280,62,22o5lnwyfofbaefafhryhcdbi,2024-04-03T20:30:30Z,country,"Big Machine Records, LLC",0.611,0.8,0,-5.61,1,0.0377,0.257,0.0,0.194,0.527,89.974,4,True
6foY66mWZN0pSRjZ408c00,Whiskey Glasses,If I Know Me,Morgan Wallen,2018-04-27,234346,19,22o5lnwyfofbaefafhryhcdbi,2024-04-03T21:45:03Z,country,Big Loud Records,0.614,0.68,6,-4.58,1,0.0289,0.369,1.84e-06,0.115,0.707,149.959,4,True
5MbtltJOrf5hTldbvaEqdV,Bottle and Mary Jane,A Beautiful Disaster,Jelly Roll,2020-03-13,172421,62,22o5lnwyfofbaefafhryhcdbi,2024-04-05T21:51:13Z,"country hip hop,country",It Goes Up Entertainment - War Dog,0.551,0.626,11,-7.666,0,0.189,0.651,0.0,0.165,0.426,180.015,3,True
69wVo2cAAD7O9XSpSpTBAu,Austin (Boots Stop Workin'),Austin (Boots Stop Workin'),Dasha,2023-11-16,171782,57,22o5lnwyfofbaefafhryhcdbi,2024-04-07T16:26:38Z,,Warner Records,0.764,0.678,0,-6.161,1,0.058,0.494,1.91e-06,0.107,0.712,114.939,4,True
5MwynWK9s4hlyKHqhkNn4A,Chasin' You,If I Know Me,Morgan Wallen,2018-04-27,205453,17,22o5lnwyfofbaefafhryhcdbi,2024-04-15T23:25:51Z,country,Big Loud Records,0.631,0.591,7,-5.785,1,0.0277,0.657,0.0,0.11,0.489,97.074,4,True
4gB7HrYHbJVJ5RFOjxmoq4,One Number Away,This One's for You,Luke Combs,2017-06-02,221800,69,22o5lnwyfofbaefafhryhcdbi,2024-04-19T03:48:05Z,country,River House Artists/Columbia Nashville,0.544,0.781,6,-6.16,0,0.0311,0.00585,0.0,0.191,0.527,144.075,4,True
2FQrifJ1N335Ljm3TjTVVf,A Bar Song (Tipsy),A Bar Song (Tipsy),Shaboozey,2024-04-12,171291,82,22o5lnwyfofbaefafhryhcdbi,2024-05-08T06:07:03Z,,American Dogwood / EMPIRE,0.722,0.709,9,-4.95,1,0.0273,0.0633,0.0,0.0804,0.604,81.012,4,True
06gD2ZtK3Dzc1BYqWExQJJ,Broken Halos,From A Room: Volume 1,Chris Stapleton,2017-05-05,180906,73,22o5lnwyfofbaefafhryhcdbi,2024-06-09T18:56:48Z,country,Mercury Nashville,0.613,0.564,8,-7.085,1,0.0251,0.134,1.65e-06,0.0585,0.538,78.388,4,True
1V8LJmUEAleAHmBUaD0ZFI,County Line,County Line,Chase Matthew,2021-07-02,208208,63,22o5lnwyfofbaefafhryhcdbi,2024-06-10T20:06:22Z,"country,country hip hop",Holler Boy Records,0.536,0.772,3,-6.027,0,0.0339,0.206,0.0,0.163,0.423,134.019,4,True
2DVHIJA2bLas9cGLmHmUsY,Wine Into Whiskey,Wine Into Whiskey,Tucker Wetmore,2024-02-23,166343,15,22o5lnwyfofbaefafhryhcdbi,2024-06-11T02:54:42Z,country,Back Blocks Music / Tucker Wetmore,0.713,0.701,8,-5.053,0,0.0355,0.0736,0.00383,0.0934,0.301,149.996,4,True
2dPwBKr5uJeCeyd5IoWi8W,we don't fight anymore,we don't fight anymore,"Carly Pearce,Chris Stapleton",2023-06-16,220145,56,22o5lnwyfofbaefafhryhcdbi,2024-06-11T02:55:49Z,country,"Big Machine Records, LLC",0.619,0.564,4,-6.517,1,0.0302,0.673,0.0,0.184,0.419,129.944,4,True
6vsa5VDsIaWC8oJnowU65l,This Town's Been Too Good To Us,This Town's Been Too Good To Us,Dylan Scott,2023-06-02,191626,58,22o5lnwyfofbaefafhryhcdbi,2024-06-11T02:56:10Z,country,Curb Records,0.696,0.555,11,-7.035,1,0.0353,0.0603,0.0,0.175,0.577,104.989,4,True
2neydrTb5GVPRHNNmW0iPP,Last Rodeo,Last Rodeo,Restless Road,2023-06-09,195488,47,22o5lnwyfofbaefafhryhcdbi,2024-06-11T02:57:30Z,country,RCA Nashville / 1021 Entertainment,0.467,0.908,11,-4.164,0,0.0511,0.0419,0.0,0.277,0.459,160.036,4,True
4xXLSKNYTHLN00eZEzbqLr,"The Beer, the Band, and the Barstool",Gettin' Old,Luke Combs,2023-03-24,217640,49,22o5lnwyfofbaefafhryhcdbi,2024-06-11T02:57:38Z,country,River House Artists/Columbia Nashville,0.519,0.682,8,-6.284,1,0.0321,0.161,2.57e-05,0.113,0.451,78.933,4,True
5OGCd9NL8XcwpkTmSxL5YI,You Found Yours,Gettin' Old,Luke Combs,2023-03-24,191986,57,22o5lnwyfofbaefafhryhcdbi,2024-06-11T02:58:37Z,country,River House Artists/Columbia Nashville,0.586,0.725,10,-7.073,1,0.0254,0.00532,0.00173,0.228,0.68,94.995,4,True
3dVLKe2i0nZmtOBBWBw9j4,She's Alright,American Heartbreak,Zach Bryan,2022-05-20,229061,56,22o5lnwyfofbaefafhryhcdbi,2024-06-11T02:59:46Z,"country,red dirt",Warner Records,0.406,0.439,4,-8.129,1,0.0494,0.665,2.46e-06,0.69,0.19,148.181,4,True
6DLbBlGIOjjEj0dNN25zhZ,Tennessee Orange,Lucky,Megan Moroney,2023-05-05,223119,72,22o5lnwyfofbaefafhryhcdbi,2024-06-12T17:31:33Z,country,Columbia Nashville/Columbia Records,0.38,0.488,9,-6.637,1,0.029,0.126,7.23e-06,0.115,0.268,156.031,3,True
2opQESZb7JsRKCvWMBPeuv,Knockin' Boots,Born Here Live Here Die Here,Luke Bryan,2020-08-07,200066,64,22o5lnwyfofbaefafhryhcdbi,2024-06-12T17:33:39Z,"country,acoustic country",Capitol Records Nashville,0.728,0.682,2,-3.749,1,0.217,0.129,0.0,0.337,0.644,131.901,4,True
05ZACkzW8YbRq3eFgIfSNB,Springsteen,Chief,Eric Church,2011-01-01,263386,72,22o5lnwyfofbaefafhryhcdbi,2024-06-12T19:29:31Z,"country,acoustic country",EMI Records Nashville,0.692,0.809,2,-5.935,1,0.0255,0.1,9.91e-05,0.186,0.927,104.022,4,True
4L9Ds4mpD3SuYoWwFUlv16,Simple,Can't Say I Ain't Country,Florida Georgia Line,2019-02-15,185200,64,22o5lnwyfofbaefafhryhcdbi,2024-06-12T19:55:24Z,"country,pop country,acoustic country",BMLG Records,0.362,0.882,3,-3.717,1,0.0973,0.0791,0.0,0.15,0.864,199.811,4,True
39OclE5hZematADrdfaWvE,Next Thing You Know,Bluebird Days,Jordan Davis,2023-02-17,175226,70,22o5lnwyfofbaefafhryhcdbi,2024-06-12T20:17:35Z,country,MCA Nashville,0.549,0.608,5,-8.253,1,0.0481,0.682,0.0,0.0966,0.399,78.534,4,True
0ENB9P6WtUEKYjQ3dKnK23,Everything She Ain’t,Raised,Hailey Whitters,2022-03-18,151973,1,22o5lnwyfofbaefafhryhcdbi,2024-06-12T21:47:30Z,country,Pigasus Records / Big Loud Records / Songs & Daughters,0.796,0.621,2,-6.129,1,0.0346,0.175,0.0,0.274,0.808,121.904,4,True
4obHzpwGrjoTuZh2DItEMZ,7 Summers,Dangerous: The Double Album,Morgan Wallen,2021-01-08,210506,73,22o5lnwyfofbaefafhryhcdbi,2024-06-14T05:14:50Z,country,Big Loud / Republic,0.466,0.786,0,-5.13,1,0.0328,0.417,6.1e-05,0.125,0.571,203.903,4,True
1TUuhV75FeOF6UObRsABo2,Don't Think Jesus,Don't Think Jesus,Morgan Wallen,2022-04-15,226975,53,22o5lnwyfofbaefafhryhcdbi,2024-06-14T05:15:52Z,country,Big Loud Records / Republic Records,0.578,0.431,2,-7.034,1,0.0269,0.469,0.0,0.137,0.21,116.979,3,True
0uRrG2jRR5tuifsYIJHEao,Sand In My Boots,Dangerous: The Double Album,Morgan Wallen,2021-01-08,202133,70,22o5lnwyfofbaefafhryhcdbi,2024-06-14T05:19:28Z,country,Big Loud / Republic,0.403,0.537,3,-6.628,1,0.031,0.59,0.0,0.112,0.414,69.877,4,True
1rXq0uoV4KTgRN64jXzIxo,One Thing At A Time,One Thing At A Time,Morgan Wallen,2023-03-03,206864,64,22o5lnwyfofbaefafhryhcdbi,2024-07-01T00:01:51Z,country,Big Loud Records / Mercury Records / Republic Records,0.613,0.923,7,-5.187,1,0.0307,0.00413,1.97e-06,0.284,0.893,141.982,4,True
19Xbs8nrPaB4XGK5nVBbFC,Something to Talk About,Noise Complaint,Koe Wetzel,2016-08-17,204352,67,22o5lnwyfofbaefafhryhcdbi,2024-07-01T00:32:54Z,"red dirt,texas country,country,country rock",Columbia/Legacy,0.612,0.934,9,-5.126,0,0.0663,0.049,0.0,0.103,0.293,130.002,4,True
3ERb3f5nGNwRcNLNoN3KRg,Drunk Driving,Sellout,Koe Wetzel,2020-11-20,238211,61,22o5lnwyfofbaefafhryhcdbi,2024-07-01T00:35:51Z,"red dirt,texas country,country,country rock",Columbia,0.326,0.621,0,-5.621,1,0.0347,0.0803,0.0,0.127,0.368,119.977,4,True
2PgjJ90q1zETqCX68dxgyd,Sweet Dreams,Sweet Dreams,Koe Wetzel,2024-05-17,173269,58,22o5lnwyfofbaefafhryhcdbi,2024-07-01T00:36:09Z,"red dirt,texas country,country,country rock",Columbia,0.71,0.57,2,-4.99,0,0.0295,0.251,0.000306,0.117,0.486,75.036,4,True
3cBsEDNhFI9E82vPj3kvi3,Wasted On You,Dangerous: The Double Album,Morgan Wallen,2021-01-08,178520,75,22o5lnwyfofbaefafhryhcdbi,2024-07-02T03:57:11Z,country,Big Loud / Republic,0.505,0.657,11,-5.24,0,0.0318,0.373,0.00107,0.126,0.252,196.0,3,True
4k3lPl8YTKuY8c1HelVnm3,'Til You Can't,Human The Double Album,Cody Johnson,2021-10-08,224213,68,22o5lnwyfofbaefafhryhcdbi,2024-07-02T16:02:04Z,"texas country,country,red dirt",CoJo Music/Warner Music Nashville,0.501,0.815,1,-4.865,1,0.0436,0.0513,0.0,0.106,0.46,160.087,4,True
226le7T3p82reYWzsi9Hsz,"1, 2 Many",What You See Is What You Get,"Luke Combs,Brooks & Dunn",2019-11-08,180906,67,22o5lnwyfofbaefafhryhcdbi,2024-07-03T00:27:41Z,"country,acoustic country",River House Artists/Columbia Nashville,0.54,0.821,6,-3.789,1,0.0873,0.0397,0.0,0.423,0.685,148.798,4,True
4ObFZEXHQJcc8WQtqbCupZ,When Im Gone,When Im Gone,LECADE,2022-05-27,130685,66,22o5lnwyfofbaefafhryhcdbi,2024-07-03T00:28:13Z,country,Atlas Music Group,0.446,0.392,8,-11.388,0,0.283,0.643,0.0,0.111,0.502,179.137,4,True
5j4hSQH0KaAc8f6cimnXIT,Fire Away,Traveller,Chris Stapleton,2015-05-04,244333,69,22o5lnwyfofbaefafhryhcdbi,2024-07-03T00:31:15Z,country,Mercury Nashville,0.559,0.301,9,-9.066,1,0.0297,0.055,0.00979,0.101,0.177,116.123,3,True
1MX19fnaW1OUQoglWTYaOo,Dangerous,Dangerous: The Double Album,Morgan Wallen,2021-01-08,147893,67,22o5lnwyfofbaefafhryhcdbi,2024-07-03T00:31:30Z,country,Big Loud / Republic,0.635,0.772,7,-4.825,1,0.0279,0.216,0.0,0.285,0.948,119.017,4,True
2tgQaL85WoRfgEa4hFQgrE,Feathered Indians,Purgatory,Tyler Childers,2017-08-04,224946,74,22o5lnwyfofbaefafhryhcdbi,2024-07-03T00:32:05Z,"country,red dirt,alt country,texas country,bluegrass",Hickman Holler Records,0.536,0.574,7,-6.705,1,0.0254,0.75,0.00277,0.105,0.877,87.194,4,True
6tWGe6nvXFWT0KhGCXM89q,DEVIL YOU KNOW,DEVIL YOU KNOW,Tyler Braden,2024-02-02,192693,75,22o5lnwyfofbaefafhryhcdbi,2024-07-03T00:47:55Z,country,Warner Music Nashville,0.52,0.8,1,-4.256,1,0.041,0.00801,0.0,0.303,0.538,93.155,4,True
59kHPbwyyCApYA8RQQEuXm,Chattahoochee,A Lot About Livin' (And A Little 'Bout Love),Alan Jackson,1992-10-09,148160,68,22o5lnwyfofbaefafhryhcdbi,2024-07-03T00:53:42Z,"country,christian country",Arista Nashville,0.606,0.706,0,-9.665,1,0.0379,0.362,0.0,0.16,0.819,174.533,4,True
4MXzdffMz78GLlLM7mDa9v,The Man He Sees in Me,Fathers & Sons,Luke Combs,2024-06-14,165058,62,22o5lnwyfofbaefafhryhcdbi,2024-07-03T00:56:43Z,country,Seven Ridges Records/Columbia Nashville,0.584,0.427,1,-8.685,1,0.0314,0.502,4.61e-06,0.114,0.535,82.03,4,True
1YvT4ml5LQM8ZYcLvqsAkD,Remember Him That Way,Fathers & Sons,Luke Combs,2024-06-14,236055,62,22o5lnwyfofbaefafhryhcdbi,2024-07-03T01:03:02Z,country,Seven Ridges Records/Columbia Nashville,0.532,0.689,11,-8.12,1,0.035,0.405,4.39e-05,0.21,0.525,171.904,4,True
6rVuwfysYo1Bp4Hoc4YuE0,Bulletproof,Through the Smoke,Nate Smith,2024-04-05,183919,60,22o5lnwyfofbaefafhryhcdbi,2024-07-03T02:06:05Z,country,RCA Records Label Nashville,0.444,0.727,7,-5.177,1,0.0394,0.0361,0.0,0.114,0.519,79.912,4,True
1vBpwxsLVwaR4evBIaFmqD,Drinkin' Problem,On The Rocks,Midland,2017-09-22,220800,69,22o5lnwyfofbaefafhryhcdbi,2024-07-03T02:06:17Z,"country,honky tonk","Big Machine Records, LLC",0.622,0.763,9,-6.4,1,0.0263,0.055,8.91e-06,0.313,0.621,102.0,4,True
7Fzl7QaTu47WyP9R5S5mh5,Lies Lies Lies,Lies Lies Lies,Morgan Wallen,2024-07-05,198068,77,22o5lnwyfofbaefafhryhcdbi,2024-07-23T01:43:47Z,country,Big Loud Records / Mercury Records / Republic Records,0.486,0.702,1,-5.758,0,0.0298,0.239,7.54e-05,0.0912,0.382,81.053,4,True
3AdV1d3U70EWsqE6NDJ0yv,Forever,Harold Saul High,Koe Wetzel,2019-06-21,177866,56,22o5lnwyfofbaefafhryhcdbi,2024-07-23T03:00:10Z,"red dirt,texas country,country,country rock",Columbia/Legacy,0.565,0.63,0,-6.703,1,0.0356,0.0149,0.0,0.116,0.22,129.927,4,True
5JlH51YDYsGj2dyEJKKjcN,Alright,Learn To Live,Darius Rucker,2008-01-01,231920,63,22o5lnwyfofbaefafhryhcdbi,2024-07-23T05:37:25Z,country,Capitol Nashville,0.601,0.806,7,-4.579,1,0.0345,0.0527,0.0,0.185,0.711,89.87,4,True
5KtUilYzUZOvhyrLTlLoXT,Back Then Right Now,Strong,Tyler Hubbard,2024-04-12,201485,51,22o5lnwyfofbaefafhryhcdbi,2024-07-25T05:48:04Z,country,EMI Nashville,0.659,0.865,7,-4.416,1,0.0541,0.0164,0.0,0.134,0.761,126.998,4,True
3oW6SWwGqiZSPTiAp7ZQoH,It's A Great Day To Be Alive,Down The Road I Go,Travis Tritt,2000-10-01,241533,67,22o5lnwyfofbaefafhryhcdbi,2024-07-25T06:11:47Z,country,Columbia Nashville,0.595,0.653,7,-4.935,1,0.0265,0.246,0.0,0.264,0.542,128.93,4,True
5NU6kBZORKaoqS09mOqgXs,23,Bad For Me,Chayce Beckham,2024-04-05,228144,68,22o5lnwyfofbaefafhryhcdbi,2024-07-25T06:22:21Z,country,Wheelhouse Records,0.628,0.584,0,-7.361,0,0.0327,0.278,0.0,0.142,0.38,87.972,4,True
3mkE4LX6ozOcvKEC7chB2q,"You, Me, And Whiskey",Stray Dog,"Justin Moore,Priscilla Block",2023-05-05,187941,59,22o5lnwyfofbaefafhryhcdbi,2024-07-29T22:07:15Z,"country,acoustic country","The Valory Music Co., LLC",0.555,0.88,0,-4.351,0,0.0535,0.0803,0.0,0.174,0.422,144.076,4,True
1SjsVdSXpwm1kTdYEHoPIT,Sun to Me,American Heartbreak,Zach Bryan,2022-05-20,163031,77,22o5lnwyfofbaefafhryhcdbi,2024-08-12T01:04:41Z,"country,red dirt",Warner Records,0.505,0.27,9,-9.165,0,0.0333,0.593,0.0,0.133,0.557,98.721,4,True
727x6SZXGF0LfU2vi3rjaH,Darlin',We All Grow Up,Chase Matthew,2024-02-16,165000,63,22o5lnwyfofbaefafhryhcdbi,2024-08-14T03:46:39Z,"country,country hip hop",Chase Matthew Music/Warner Music Nashville,0.798,0.606,2,-6.28,1,0.0338,0.181,0.0,0.391,0.895,120.063,4,True
1osfLqL6L2iQsirRf83ded,Worst Way,Way Out Here,Riley Green,2024-04-12,220558,76,22o5lnwyfofbaefafhryhcdbi,2024-08-14T03:49:44Z,country,Nashville Harbor,0.366,0.492,11,-7.9,1,0.0324,0.0899,0.000994,0.132,0.349,197.768,3,True
3zftDSl1HdBPJek75cQwDE,Sorry Mom,Sorry Mom,Kelsea Ballerini,2024-08-09,215786,47,22o5lnwyfofbaefafhryhcdbi,2024-08-14T03:51:03Z,country,Black River Entertainment,0.732,0.519,1,-7.895,1,0.0292,0.321,0.0,0.329,0.493,121.979,4,True
0gLFZFnaOy3Fa2uBApznuW,Rather Be,Rather Be,Riley Green,2024-07-26,171142,49,22o5lnwyfofbaefafhryhcdbi,2024-08-14T03:54:45Z,country,Nashville Harbor,0.597,0.583,4,-4.31,1,0.0315,0.0247,9.24e-06,0.097,0.813,152.986,4,True
1EdAfme2rPCUkzIYvSucYX,Rust,Rust,Corey Kent,2024-04-19,169720,41,22o5lnwyfofbaefafhryhcdbi,2024-08-14T04:10:42Z,"country,texas country",RCA Records Label Nashville,0.469,0.813,1,-4.875,0,0.0422,0.00714,0.0,0.131,0.406,120.894,4,True
2w4ZM8WjsIyGpmWQ8ZgWhw,Closing Time In California,Closing Time In California,Luke Bryan,2024-08-08,209169,34,22o5lnwyfofbaefafhryhcdbi,2024-08-14T04:16:11Z,"country,acoustic country",Capitol Records Nashville,0.496,0.68,2,-6.773,1,0.0355,0.284,0.000127,0.0653,0.39,80.149,1,True
0BKLYnngsUyaEwWPOJjGxc,Liar,Liar,Jelly Roll,2024-08-09,204933,25,22o5lnwyfofbaefafhryhcdbi,2024-08-14T04:40:41Z,"country hip hop,country",BBR Music Group/Jelly Roll,0.642,0.773,1,-5.233,1,0.0323,0.0468,0.0,0.0901,0.568,114.035,4,True
3z92w2yRpuxxlR11EfJye3,Had Me By Halftime,If I Know Me,Morgan Wallen,2018-04-27,172080,53,22o5lnwyfofbaefafhryhcdbi,2024-08-15T04:05:58Z,country,Big Loud,0.489,0.89,6,-2.94,1,0.0365,0.111,0.0,0.17,0.676,144.092,4,True
4Fq3qtut7HdtxUVnsAEPDd,Redneck Love Song,If I Know Me,Morgan Wallen,2018-04-27,189973,51,22o5lnwyfofbaefafhryhcdbi,2024-08-15T04:06:19Z,country,Big Loud,0.75,0.834,5,-4.849,1,0.031,0.4,0.0,0.0414,0.924,140.034,4,True
67AdiJcurlf6gocGobfaXs,"Going, Going, Gone",Growin' Up,Luke Combs,2022-06-24,177266,74,22o5lnwyfofbaefafhryhcdbi,2024-08-15T04:07:43Z,country,River House Artists/Columbia Nashville,0.565,0.56,6,-6.034,1,0.0275,0.538,0.0,0.0961,0.325,159.931,4,True
12BjylmI6NS7ydikIzbuD0,Single Than She Was,One Thing At A Time,Morgan Wallen,2023-03-03,160347,57,22o5lnwyfofbaefafhryhcdbi,2024-08-15T04:25:40Z,country,Big Loud Records / Mercury Records / Republic Records,0.669,0.641,6,-6.181,1,0.0246,0.0106,5.04e-06,0.09,0.648,113.074,4,True
6kfn5XxnspnDZkQzwCqyyA,If I Ever Get You Back,If I Know Me,Morgan Wallen,2018-04-27,173960,48,22o5lnwyfofbaefafhryhcdbi,2024-08-15T04:58:42Z,country,Big Loud,0.672,0.877,0,-3.338,1,0.0343,0.0137,0.0,0.235,0.962,139.947,4,True
1mUTpDe3E8pML637zOFL5D,Talkin' Tennessee,If I Know Me,Morgan Wallen,2018-04-27,221880,68,22o5lnwyfofbaefafhryhcdbi,2024-08-15T04:58:58Z,country,Big Loud,0.702,0.71,6,-6.653,0,0.0247,0.56,0.0,0.103,0.508,99.987,4,True
6gdLyYNuhWBzqwlOFSsXC7,Better Together,What You See Is What You Get,Luke Combs,2019-11-08,219573,68,22o5lnwyfofbaefafhryhcdbi,2024-09-08T01:02:24Z,country,River House Artists/Columbia Nashville,0.552,0.225,0,-11.501,1,0.0477,0.827,0.0,0.111,0.67,138.002,4,True
7KysI43rsjlhjTeWO6ePUq,It's Five O'Clock Somewhere,Greatest Hits Volume II,"Alan Jackson,Jimmy Buffett",2003-10-09,229800,62,22o5lnwyfofbaefafhryhcdbi,2024-09-08T02:42:57Z,"country,christian country",Arista Nashville,0.714,0.774,2,-6.713,1,0.0367,0.219,0.0,0.203,0.887,125.199,4,True
3zxAw8PaqpeGZ3Pakkxv3J,Without You,What You See Ain't Always What You Get (Deluxe Edition),"Luke Combs,Amanda Shires",2020-10-23,224986,51,22o5lnwyfofbaefafhryhcdbi,2024-09-08T02:49:06Z,"country,americana,alt country",River House Artists/Columbia Nashville,0.522,0.659,6,-6.016,1,0.0304,0.307,0.0,0.102,0.355,141.996,4,True
7c1KTn1z8Gw8ouYdcF4qaG,I Don't Want This Night To End,Tailgates & Tanlines,Luke Bryan,2011-01-01,219973,68,22o5lnwyfofbaefafhryhcdbi,2024-09-08T03:21:20Z,"country,acoustic country",Capitol Nashville,0.616,0.728,9,-4.02,0,0.0278,0.0275,0.0,0.228,0.375,111.934,4,True
586I425aeO3QMzvSZcUOEd,Sleeve,NATE SMITH (DELUXE),Nate Smith,2023-04-28,261359,51,22o5lnwyfofbaefafhryhcdbi,2024-09-08T03:22:57Z,country,RCA Records Label Nashville,0.697,0.787,0,-5.51,1,0.0338,0.0186,0.0,0.167,0.291,125.975,4,True
0sKEilrw1GrBlG6qsTCrP4,865,Dangerous: The Double Album,Morgan Wallen,2021-01-08,190680,64,22o5lnwyfofbaefafhryhcdbi,2024-09-18T00:30:01Z,country,Big Loud / Republic,0.532,0.584,8,-5.254,1,0.0248,0.723,0.0,0.101,0.367,88.003,4,True
3oZ6dlSfCE9gZ55MGPJctc,’98 Braves,One Thing At A Time,Morgan Wallen,2023-03-03,178704,64,22o5lnwyfofbaefafhryhcdbi,2024-09-21T04:23:51Z,country,Big Loud Records / Mercury Records / Republic Records,0.494,0.689,2,-5.724,1,0.0265,0.0687,7.68e-05,0.265,0.472,142.092,4,True
0mYIOzA3XWuqewk2GDtsnP,Spin You Around,Stand Alone (10th Anniversary Deluxe Edition),Morgan Wallen,2024-01-25,212850,72,22o5lnwyfofbaefafhryhcdbi,2024-09-21T04:35:50Z,country,Panacea Records,0.517,0.877,4,-3.621,1,0.0297,0.00142,0.0,0.208,0.614,149.99,4,True
1RvoRAL612adAVrPUoAMHR,Bandaid On A Bullet Hole,Dangerous: The Double Album (Bonus),Morgan Wallen,2021-01-29,234333,64,22o5lnwyfofbaefafhryhcdbi,2024-09-21T05:26:09Z,country,Big Loud / Republic,0.543,0.48,2,-6.745,1,0.0301,0.794,0.0,0.119,0.391,154.78,3,True
6kBbetvAHiBSNIpndZBs6W,GIVE HEAVEN SOME HELL,A ROCK,HARDY,2020-09-04,217801,66,22o5lnwyfofbaefafhryhcdbi,2024-09-21T18:41:07Z,"country,country rock",Big Loud,0.639,0.839,11,-4.99,1,0.0364,0.0529,0.0,0.0854,0.528,126.057,4,True
0rCFRyEy4WXjRXNpO80Dzs,Fall In Love,Religiously. The Album.,Bailey Zimmerman,2023-01-11,232058,74,22o5lnwyfofbaefafhryhcdbi,2024-09-22T00:46:16Z,country,Warner Music Nashville/Elektra,0.524,0.643,9,-6.055,1,0.0297,0.451,0.0,0.221,0.397,135.962,4,True
6guWjUuNYziyNXgjFo1IpF,"Houston, We Got a Problem",This One's for You Too (Deluxe Edition),Luke Combs,2018-06-01,191986,64,22o5lnwyfofbaefafhryhcdbi,2024-09-23T19:46:07Z,country,River House Artists/Columbia Nashville,0.521,0.762,9,-5.059,1,0.0362,0.0961,6.15e-06,0.395,0.486,143.866,4,True
0MIp9iBm1V41ERxkZnmSUG,Pretty Little Poison,Pretty Little Poison,Warren Zeiders,2023-08-10,218260,72,22o5lnwyfofbaefafhryhcdbi,2024-10-10T03:45:59Z,country,Warner Records,0.494,0.567,1,-4.156,1,0.0334,0.0235,2.4e-06,0.146,0.22,112.011,3,True
7hR22TOX3RorxJPcsz5Wbo,Love Somebody,Love Somebody,Morgan Wallen,2024-10-18,204828,82,22o5lnwyfofbaefafhryhcdbi,2024-11-03T23:41:54Z,country,Big Loud Records / Mercury Records / Republic Records,0.619,0.843,5,-5.348,0,0.0284,0.00948,0.000118,0.164,0.746,122.064,4,True
2UikqkwBv7aIvlixeVXHWt,You Should Probably Leave,Starting Over,Chris Stapleton,2020-11-13,213493,78,22o5lnwyfofbaefafhryhcdbi,2024-11-21T03:32:43Z,country,Mercury Nashville,0.602,0.477,9,-8.425,1,0.032,0.268,3.1e-05,0.173,0.552,183.89,4,True
15FAC3TcR8vXOdpHBrBk1d,Keeping Me Up All Night,Keeping Me Up All Night,Chayce Beckham,2022-08-19,209466,46,22o5lnwyfofbaefafhryhcdbi,2024-11-21T03:58:11Z,country,Wheelhouse Records,0.506,0.909,9,-4.428,1,0.0469,0.0231,0.0,0.0892,0.389,129.969,4,True
2ui7Km7H0UBxGZ3DAsyG3N,Me For Me,Tyler Hubbard,Tyler Hubbard,2023-01-27,174960,44,22o5lnwyfofbaefafhryhcdbi,2024-11-21T04:12:14Z,country,EMI Nashville,0.664,0.544,6,-5.841,1,0.0259,0.161,0.0,0.158,0.679,99.976,4,True
3R0l4ivVzkajiNAYH07ZKl,Dicked Down in Dallas,Dicked Down in Dallas,Trey Lewis,2020-12-01,201350,60,22o5lnwyfofbaefafhryhcdbi,2024-11-22T02:37:35Z,country,Trey Lewis,0.51,0.929,6,-4.685,1,0.0456,0.0608,5.39e-06,0.101,0.438,122.036,4,True
79gv58G6usuURwl6TlmBTu,Outrunnin' Your Memory,Growin' Up,"Luke Combs,Miranda Lambert",2022-06-24,254746,58,22o5lnwyfofbaefafhryhcdbi,2024-12-27T20:08:28Z,country,River House Artists/Columbia Nashville,0.601,0.836,1,-3.42,0,0.0342,0.0974,0.0,0.106,0.338,127.934,4,True
6CZN0bIk5Ij3s4BsZCJZG8,Things That Matter,Things That Matter,Jameson Rodgers,2022-09-30,193706,37,22o5lnwyfofbaefafhryhcdbi,2024-12-28T11:25:12Z,country,River House Artists/Columbia Nashville,0.548,0.742,3,-8.793,1,0.0293,0.293,4.19e-06,0.0929,0.397,159.895,4,True
0ybha7LB54Jumv5GFeorIc,Good Dogs,Bet You're from a Small Town,Jameson Rodgers,2021-09-17,198386,40,22o5lnwyfofbaefafhryhcdbi,2025-02-07T23:57:57Z,country,River House Artists/Columbia Nashville,0.558,0.572,4,-6.932,1,0.0293,0.147,1.68e-06,0.11,0.161,140.004,4,True
63kLorCFyk4ZHMHPhcWOtO,Life Goes On (feat. Luke Combs),Life Goes On (feat. Luke Combs),"Ed Sheeran,Luke Combs",2023-05-03,210208,62,22o5lnwyfofbaefafhryhcdbi,2025-02-08T00:10:06Z,"soft pop,country",Atlantic Records UK,0.505,0.339,1,-7.507,1,0.0341,0.743,0.0,0.201,0.415,153.675,4,True
3Pbp7cUCx4d3OAkZSCoNvn,Scared To Start,Scared To Start,Michael Marcagi,2024-01-12,159636,77,22o5lnwyfofbaefafhryhcdbi,2025-02-14T05:06:27Z,,Warner Records,0.527,0.551,7,-11.258,1,0.0345,0.384,2.75e-06,0.403,0.443,148.035,4,True
6ojicjDYUUoeE1tdSvfFo4,Must've Never Met You,This One's for You Too (Deluxe Edition),Luke Combs,2018-06-01,198880,65,22o5lnwyfofbaefafhryhcdbi,2025-02-19T02:21:01Z,country,River House Artists/Columbia Nashville,0.455,0.892,6,-3.218,1,0.0564,0.00951,0.0,0.143,0.641,75.218,4,True
1wwjfgCUXaupR7q3tv6ZXN,Me On You,Teenage Dixie,Muscadine Bloodline,2023-02-24,167266,62,22o5lnwyfofbaefafhryhcdbi,2025-02-22T22:07:11Z,"red dirt,country,texas country",Stancaster Music,0.72,0.798,11,-5.42,0,0.0359,0.221,0.0,0.181,0.949,97.918,4,True
